-- phpMyAdmin SQL Dump
-- version 5.2.0
-- https://www.phpmyadmin.net/
--
-- Hôte : 127.0.0.1
-- Généré le : lun. 14 nov. 2022 à 14:25
-- Version du serveur : 10.4.25-MariaDB
-- Version de PHP : 8.1.10

SET SQL_MODE = "NO_AUTO_VALUE_ON_ZERO";
START TRANSACTION;
SET time_zone = "+00:00";


/*!40101 SET @OLD_CHARACTER_SET_CLIENT=@@CHARACTER_SET_CLIENT */;
/*!40101 SET @OLD_CHARACTER_SET_RESULTS=@@CHARACTER_SET_RESULTS */;
/*!40101 SET @OLD_COLLATION_CONNECTION=@@COLLATION_CONNECTION */;
/*!40101 SET NAMES utf8mb4 */;

--
-- Base de données : `vente`
--

-- --------------------------------------------------------

--
-- Structure de la table `client`
--

CREATE TABLE `client` (
  `ID` int(11) NOT NULL,
  `NOM` varchar(255) DEFAULT NULL,
  `PRENOM` varchar(255) DEFAULT NULL,
  `PAYS` varchar(255) DEFAULT NULL,
  `AVIS` int(11) NOT NULL
) ENGINE=InnoDB DEFAULT CHARSET=utf8mb4;

--
-- Déchargement des données de la table `client`
--

INSERT INTO `client` (`ID`, `NOM`, `PRENOM`, `PAYS`, `AVIS`) VALUES
(1, 'ALON', 'ANONA', 'Federated States of Micronesia', 2),
(2, 'ALOJZ', 'AMMON', 'Sweden', 4),
(3, 'ANFISA', 'ADDY', 'Federated States of Micronesia', 2),
(4, 'ANKE', 'ABE', 'Vietnam', 0),
(5, 'ADOLF', 'ALODIA', 'Chad', 1),
(6, 'ANIKA', 'ABENI', 'Togo', 3),
(7, 'ALLAIN', 'ANDERSON', 'Armenia', 5),
(8, 'ADRIANNA', 'ALEXANDRIA', 'Malta', 1),
(9, 'AGOTA', 'AHMET', 'Monaco', 2),
(10, 'AKIRA', 'ANUPAM', 'Australia', 0),
(11, 'ADRIANNA', 'ANJALI', 'Sao Tome and Principe', 5),
(12, 'ALYA', 'ALPIN', 'Australia', 3),
(13, 'ARMANDE', 'ADESIMA', 'Belgium', 4),
(14, 'ALEXANDRIE', 'AHARON', 'Belarus', 5),
(15, 'ANJA', 'ADELLE', 'Bolivia', 1),
(16, 'ALESSANDRO', 'ALONSO', 'Réunion', 5),
(17, 'ALVILDA', 'ALETA', 'Morocco', 4),
(18, 'ANATOLE', 'ABIGAYLE', 'French Guiana', 3),
(19, 'ANTONY', 'ALEKSEI', 'Suriname', 5),
(20, 'ALEKSI', 'ARJUN', 'Tajikistan', 1),
(21, 'ALEXANDRE', 'ARMIN', 'Czech Republic', 1),
(22, 'AMARA', 'ANASTASIOS', 'Nigeria', 0),
(23, 'ANACLETUS', 'ARIES', 'Ghana', 0),
(24, 'ALCYONE', 'ANUBIS', 'Norway', 1),
(25, 'ARMO', 'AJAX', 'Djibouti', 4),
(26, 'AHMET', 'ALVIN', 'New Caledonia', 4),
(27, 'ALISTAIR', 'ANTONO', 'Peru', 5),
(28, 'AMALIA', 'ALEXINA', 'Papua New Guinea', 4),
(29, 'AOIFE', 'AMIE', 'Qatar', 0),
(30, 'ALBERTINA', 'ARJUN', 'Bulgaria', 3);

-- --------------------------------------------------------

--
-- Structure de la table `client_vendeur`
--

CREATE TABLE `client_vendeur` (
  `ID_CLIENT` int(11) NOT NULL,
  `ID_VENDEUR` int(11) NOT NULL
) ENGINE=InnoDB DEFAULT CHARSET=utf8mb4;

--
-- Déchargement des données de la table `client_vendeur`
--

INSERT INTO `client_vendeur` (`ID_CLIENT`, `ID_VENDEUR`) VALUES
(6, 1),
(9, 1),
(6, 1),
(3, 1),
(5, 1),
(7, 1),
(4, 1),
(1, 1),
(3, 1),
(4, 1),
(14, 2),
(15, 2),
(11, 2),
(16, 2),
(12, 2),
(13, 2),
(11, 2),
(11, 2),
(18, 2),
(17, 2),
(27, 3),
(24, 3),
(22, 3),
(30, 3),
(21, 3),
(26, 3),
(24, 3),
(21, 3),
(21, 3),
(23, 3);

-- --------------------------------------------------------

--
-- Structure de la table `jours`
--

CREATE TABLE `jours` (
  `id` int(11) NOT NULL
) ENGINE=InnoDB DEFAULT CHARSET=utf8mb4;

--
-- Déchargement des données de la table `jours`
--

INSERT INTO `jours` (`id`) VALUES
(1),
(2),
(3),
(4);

-- --------------------------------------------------------

--
-- Structure de la table `jours_client`
--

CREATE TABLE `jours_client` (
  `id_jours` int(11) NOT NULL,
  `id_client` int(11) NOT NULL
) ENGINE=InnoDB DEFAULT CHARSET=utf8mb4;

--
-- Déchargement des données de la table `jours_client`
--

INSERT INTO `jours_client` (`id_jours`, `id_client`) VALUES
(1, 1),
(1, 4),
(2, 5),
(3, 1),
(4, 5),
(1, 14),
(1, 14),
(2, 12),
(3, 16),
(4, 16),
(4, 18),
(1, 21),
(2, 27),
(2, 21),
(3, 30),
(4, 23),
(4, 21);

-- --------------------------------------------------------

--
-- Structure de la table `jours_vendeur`
--

CREATE TABLE `jours_vendeur` (
  `avis` float DEFAULT NULL,
  `id_jours` int(11) NOT NULL,
  `id_vendeur` int(11) NOT NULL
) ENGINE=InnoDB DEFAULT CHARSET=utf8mb4;

--
-- Déchargement des données de la table `jours_vendeur`
--

INSERT INTO `jours_vendeur` (`avis`, `id_jours`, `id_vendeur`) VALUES
(0.666667, 1, 1),
(1, 2, 1),
(2, 3, 1),
(1, 4, 1),
(5, 1, 2),
(3, 2, 2),
(5, 3, 2),
(4, 4, 2),
(1, 1, 3),
(2, 2, 3),
(3, 3, 3),
(0.75, 4, 3);

-- --------------------------------------------------------

--
-- Structure de la table `pays`
--

CREATE TABLE `pays` (
  `id` smallint(5) UNSIGNED NOT NULL,
  `code` int(3) NOT NULL,
  `alpha2` varchar(2) NOT NULL,
  `alpha3` varchar(3) NOT NULL,
  `nom_en_gb` varchar(45) NOT NULL,
  `nom_fr_fr` varchar(45) NOT NULL
) ENGINE=MyISAM DEFAULT CHARSET=utf8;

--
-- Déchargement des données de la table `pays`
--

INSERT INTO `pays` (`id`, `code`, `alpha2`, `alpha3`, `nom_en_gb`, `nom_fr_fr`) VALUES
(1, 4, 'AF', 'AFG', 'Afghanistan', 'Afghanistan'),
(2, 8, 'AL', 'ALB', 'Albania', 'Albanie'),
(3, 10, 'AQ', 'ATA', 'Antarctica', 'Antarctique'),
(4, 12, 'DZ', 'DZA', 'Algeria', 'Algérie'),
(5, 16, 'AS', 'ASM', 'American Samoa', 'Samoa Américaines'),
(6, 20, 'AD', 'AND', 'Andorra', 'Andorre'),
(7, 24, 'AO', 'AGO', 'Angola', 'Angola'),
(8, 28, 'AG', 'ATG', 'Antigua and Barbuda', 'Antigua-et-Barbuda'),
(9, 31, 'AZ', 'AZE', 'Azerbaijan', 'Azerbaïdjan'),
(10, 32, 'AR', 'ARG', 'Argentina', 'Argentine'),
(11, 36, 'AU', 'AUS', 'Australia', 'Australie'),
(12, 40, 'AT', 'AUT', 'Austria', 'Autriche'),
(13, 44, 'BS', 'BHS', 'Bahamas', 'Bahamas'),
(14, 48, 'BH', 'BHR', 'Bahrain', 'Bahreïn'),
(15, 50, 'BD', 'BGD', 'Bangladesh', 'Bangladesh'),
(16, 51, 'AM', 'ARM', 'Armenia', 'Arménie'),
(17, 52, 'BB', 'BRB', 'Barbados', 'Barbade'),
(18, 56, 'BE', 'BEL', 'Belgium', 'Belgique'),
(19, 60, 'BM', 'BMU', 'Bermuda', 'Bermudes'),
(20, 64, 'BT', 'BTN', 'Bhutan', 'Bhoutan'),
(21, 68, 'BO', 'BOL', 'Bolivia', 'Bolivie'),
(22, 70, 'BA', 'BIH', 'Bosnia and Herzegovina', 'Bosnie-Herzégovine'),
(23, 72, 'BW', 'BWA', 'Botswana', 'Botswana'),
(24, 74, 'BV', 'BVT', 'Bouvet Island', 'Île Bouvet'),
(25, 76, 'BR', 'BRA', 'Brazil', 'Brésil'),
(26, 84, 'BZ', 'BLZ', 'Belize', 'Belize'),
(27, 86, 'IO', 'IOT', 'British Indian Ocean Territory', 'Territoire Britannique de l\'Océan Indien'),
(28, 90, 'SB', 'SLB', 'Solomon Islands', 'Îles Salomon'),
(29, 92, 'VG', 'VGB', 'British Virgin Islands', 'Îles Vierges Britanniques'),
(30, 96, 'BN', 'BRN', 'Brunei Darussalam', 'Brunéi Darussalam'),
(31, 100, 'BG', 'BGR', 'Bulgaria', 'Bulgarie'),
(32, 104, 'MM', 'MMR', 'Myanmar', 'Myanmar'),
(33, 108, 'BI', 'BDI', 'Burundi', 'Burundi'),
(34, 112, 'BY', 'BLR', 'Belarus', 'Bélarus'),
(35, 116, 'KH', 'KHM', 'Cambodia', 'Cambodge'),
(36, 120, 'CM', 'CMR', 'Cameroon', 'Cameroun'),
(37, 124, 'CA', 'CAN', 'Canada', 'Canada'),
(38, 132, 'CV', 'CPV', 'Cape Verde', 'Cap-vert'),
(39, 136, 'KY', 'CYM', 'Cayman Islands', 'Îles Caïmanes'),
(40, 140, 'CF', 'CAF', 'Central African', 'République Centrafricaine'),
(41, 144, 'LK', 'LKA', 'Sri Lanka', 'Sri Lanka'),
(42, 148, 'TD', 'TCD', 'Chad', 'Tchad'),
(43, 152, 'CL', 'CHL', 'Chile', 'Chili'),
(44, 156, 'CN', 'CHN', 'China', 'Chine'),
(45, 158, 'TW', 'TWN', 'Taiwan', 'Taïwan'),
(46, 162, 'CX', 'CXR', 'Christmas Island', 'Île Christmas'),
(47, 166, 'CC', 'CCK', 'Cocos (Keeling) Islands', 'Îles Cocos (Keeling)'),
(48, 170, 'CO', 'COL', 'Colombia', 'Colombie'),
(49, 174, 'KM', 'COM', 'Comoros', 'Comores'),
(50, 175, 'YT', 'MYT', 'Mayotte', 'Mayotte'),
(51, 178, 'CG', 'COG', 'Republic of the Congo', 'République du Congo'),
(52, 180, 'CD', 'COD', 'The Democratic Republic Of The Congo', 'République Démocratique du Congo'),
(53, 184, 'CK', 'COK', 'Cook Islands', 'Îles Cook'),
(54, 188, 'CR', 'CRI', 'Costa Rica', 'Costa Rica'),
(55, 191, 'HR', 'HRV', 'Croatia', 'Croatie'),
(56, 192, 'CU', 'CUB', 'Cuba', 'Cuba'),
(57, 196, 'CY', 'CYP', 'Cyprus', 'Chypre'),
(58, 203, 'CZ', 'CZE', 'Czech Republic', 'République Tchèque'),
(59, 204, 'BJ', 'BEN', 'Benin', 'Bénin'),
(60, 208, 'DK', 'DNK', 'Denmark', 'Danemark'),
(61, 212, 'DM', 'DMA', 'Dominica', 'Dominique'),
(62, 214, 'DO', 'DOM', 'Dominican Republic', 'République Dominicaine'),
(63, 218, 'EC', 'ECU', 'Ecuador', 'Équateur'),
(64, 222, 'SV', 'SLV', 'El Salvador', 'El Salvador'),
(65, 226, 'GQ', 'GNQ', 'Equatorial Guinea', 'Guinée Équatoriale'),
(66, 231, 'ET', 'ETH', 'Ethiopia', 'Éthiopie'),
(67, 232, 'ER', 'ERI', 'Eritrea', 'Érythrée'),
(68, 233, 'EE', 'EST', 'Estonia', 'Estonie'),
(69, 234, 'FO', 'FRO', 'Faroe Islands', 'Îles Féroé'),
(70, 238, 'FK', 'FLK', 'Falkland Islands', 'Îles (malvinas) Falkland'),
(71, 239, 'GS', 'SGS', 'South Georgia and the South Sandwich Islands', 'Géorgie du Sud et les Îles Sandwich du Sud'),
(72, 242, 'FJ', 'FJI', 'Fiji', 'Fidji'),
(73, 246, 'FI', 'FIN', 'Finland', 'Finlande'),
(74, 248, 'AX', 'ALA', 'Åland Islands', 'Îles Åland'),
(75, 250, 'FR', 'FRA', 'France', 'France'),
(76, 254, 'GF', 'GUF', 'French Guiana', 'Guyane Française'),
(77, 258, 'PF', 'PYF', 'French Polynesia', 'Polynésie Française'),
(78, 260, 'TF', 'ATF', 'French Southern Territories', 'Terres Australes Françaises'),
(79, 262, 'DJ', 'DJI', 'Djibouti', 'Djibouti'),
(80, 266, 'GA', 'GAB', 'Gabon', 'Gabon'),
(81, 268, 'GE', 'GEO', 'Georgia', 'Géorgie'),
(82, 270, 'GM', 'GMB', 'Gambia', 'Gambie'),
(83, 275, 'PS', 'PSE', 'Occupied Palestinian Territory', 'Territoire Palestinien Occupé'),
(84, 276, 'DE', 'DEU', 'Germany', 'Allemagne'),
(85, 288, 'GH', 'GHA', 'Ghana', 'Ghana'),
(86, 292, 'GI', 'GIB', 'Gibraltar', 'Gibraltar'),
(87, 296, 'KI', 'KIR', 'Kiribati', 'Kiribati'),
(88, 300, 'GR', 'GRC', 'Greece', 'Grèce'),
(89, 304, 'GL', 'GRL', 'Greenland', 'Groenland'),
(90, 308, 'GD', 'GRD', 'Grenada', 'Grenade'),
(91, 312, 'GP', 'GLP', 'Guadeloupe', 'Guadeloupe'),
(92, 316, 'GU', 'GUM', 'Guam', 'Guam'),
(93, 320, 'GT', 'GTM', 'Guatemala', 'Guatemala'),
(94, 324, 'GN', 'GIN', 'Guinea', 'Guinée'),
(95, 328, 'GY', 'GUY', 'Guyana', 'Guyana'),
(96, 332, 'HT', 'HTI', 'Haiti', 'Haïti'),
(97, 334, 'HM', 'HMD', 'Heard Island and McDonald Islands', 'Îles Heard et Mcdonald'),
(98, 336, 'VA', 'VAT', 'Vatican City State', 'Saint-Siège (état de la Cité du Vatican)'),
(99, 340, 'HN', 'HND', 'Honduras', 'Honduras'),
(100, 344, 'HK', 'HKG', 'Hong Kong', 'Hong-Kong'),
(101, 348, 'HU', 'HUN', 'Hungary', 'Hongrie'),
(102, 352, 'IS', 'ISL', 'Iceland', 'Islande'),
(103, 356, 'IN', 'IND', 'India', 'Inde'),
(104, 360, 'ID', 'IDN', 'Indonesia', 'Indonésie'),
(105, 364, 'IR', 'IRN', 'Islamic Republic of Iran', 'République Islamique d\'Iran'),
(106, 368, 'IQ', 'IRQ', 'Iraq', 'Iraq'),
(107, 372, 'IE', 'IRL', 'Ireland', 'Irlande'),
(108, 376, 'IL', 'ISR', 'Israel', 'Israël'),
(109, 380, 'IT', 'ITA', 'Italy', 'Italie'),
(110, 384, 'CI', 'CIV', 'Côte d\'Ivoire', 'Côte d\'Ivoire'),
(111, 388, 'JM', 'JAM', 'Jamaica', 'Jamaïque'),
(112, 392, 'JP', 'JPN', 'Japan', 'Japon'),
(113, 398, 'KZ', 'KAZ', 'Kazakhstan', 'Kazakhstan'),
(114, 400, 'JO', 'JOR', 'Jordan', 'Jordanie'),
(115, 404, 'KE', 'KEN', 'Kenya', 'Kenya'),
(116, 408, 'KP', 'PRK', 'Democratic People\'s Republic of Korea', 'République Populaire Démocratique de Corée'),
(117, 410, 'KR', 'KOR', 'Republic of Korea', 'République de Corée'),
(118, 414, 'KW', 'KWT', 'Kuwait', 'Koweït'),
(119, 417, 'KG', 'KGZ', 'Kyrgyzstan', 'Kirghizistan'),
(120, 418, 'LA', 'LAO', 'Lao People\'s Democratic Republic', 'République Démocratique Populaire Lao'),
(121, 422, 'LB', 'LBN', 'Lebanon', 'Liban'),
(122, 426, 'LS', 'LSO', 'Lesotho', 'Lesotho'),
(123, 428, 'LV', 'LVA', 'Latvia', 'Lettonie'),
(124, 430, 'LR', 'LBR', 'Liberia', 'Libéria'),
(125, 434, 'LY', 'LBY', 'Libyan Arab Jamahiriya', 'Jamahiriya Arabe Libyenne'),
(126, 438, 'LI', 'LIE', 'Liechtenstein', 'Liechtenstein'),
(127, 440, 'LT', 'LTU', 'Lithuania', 'Lituanie'),
(128, 442, 'LU', 'LUX', 'Luxembourg', 'Luxembourg'),
(129, 446, 'MO', 'MAC', 'Macao', 'Macao'),
(130, 450, 'MG', 'MDG', 'Madagascar', 'Madagascar'),
(131, 454, 'MW', 'MWI', 'Malawi', 'Malawi'),
(132, 458, 'MY', 'MYS', 'Malaysia', 'Malaisie'),
(133, 462, 'MV', 'MDV', 'Maldives', 'Maldives'),
(134, 466, 'ML', 'MLI', 'Mali', 'Mali'),
(135, 470, 'MT', 'MLT', 'Malta', 'Malte'),
(136, 474, 'MQ', 'MTQ', 'Martinique', 'Martinique'),
(137, 478, 'MR', 'MRT', 'Mauritania', 'Mauritanie'),
(138, 480, 'MU', 'MUS', 'Mauritius', 'Maurice'),
(139, 484, 'MX', 'MEX', 'Mexico', 'Mexique'),
(140, 492, 'MC', 'MCO', 'Monaco', 'Monaco'),
(141, 496, 'MN', 'MNG', 'Mongolia', 'Mongolie'),
(142, 498, 'MD', 'MDA', 'Republic of Moldova', 'République de Moldova'),
(143, 500, 'MS', 'MSR', 'Montserrat', 'Montserrat'),
(144, 504, 'MA', 'MAR', 'Morocco', 'Maroc'),
(145, 508, 'MZ', 'MOZ', 'Mozambique', 'Mozambique'),
(146, 512, 'OM', 'OMN', 'Oman', 'Oman'),
(147, 516, 'NA', 'NAM', 'Namibia', 'Namibie'),
(148, 520, 'NR', 'NRU', 'Nauru', 'Nauru'),
(149, 524, 'NP', 'NPL', 'Nepal', 'Népal'),
(150, 528, 'NL', 'NLD', 'Netherlands', 'Pays-Bas'),
(151, 530, 'AN', 'ANT', 'Netherlands Antilles', 'Antilles Néerlandaises'),
(152, 533, 'AW', 'ABW', 'Aruba', 'Aruba'),
(153, 540, 'NC', 'NCL', 'New Caledonia', 'Nouvelle-Calédonie'),
(154, 548, 'VU', 'VUT', 'Vanuatu', 'Vanuatu'),
(155, 554, 'NZ', 'NZL', 'New Zealand', 'Nouvelle-Zélande'),
(156, 558, 'NI', 'NIC', 'Nicaragua', 'Nicaragua'),
(157, 562, 'NE', 'NER', 'Niger', 'Niger'),
(158, 566, 'NG', 'NGA', 'Nigeria', 'Nigéria'),
(159, 570, 'NU', 'NIU', 'Niue', 'Niué'),
(160, 574, 'NF', 'NFK', 'Norfolk Island', 'Île Norfolk'),
(161, 578, 'NO', 'NOR', 'Norway', 'Norvège'),
(162, 580, 'MP', 'MNP', 'Northern Mariana Islands', 'Îles Mariannes du Nord'),
(163, 581, 'UM', 'UMI', 'United States Minor Outlying Islands', 'Îles Mineures Éloignées des États-Unis'),
(164, 583, 'FM', 'FSM', 'Federated States of Micronesia', 'États Fédérés de Micronésie'),
(165, 584, 'MH', 'MHL', 'Marshall Islands', 'Îles Marshall'),
(166, 585, 'PW', 'PLW', 'Palau', 'Palaos'),
(167, 586, 'PK', 'PAK', 'Pakistan', 'Pakistan'),
(168, 591, 'PA', 'PAN', 'Panama', 'Panama'),
(169, 598, 'PG', 'PNG', 'Papua New Guinea', 'Papouasie-Nouvelle-Guinée'),
(170, 600, 'PY', 'PRY', 'Paraguay', 'Paraguay'),
(171, 604, 'PE', 'PER', 'Peru', 'Pérou'),
(172, 608, 'PH', 'PHL', 'Philippines', 'Philippines'),
(173, 612, 'PN', 'PCN', 'Pitcairn', 'Pitcairn'),
(174, 616, 'PL', 'POL', 'Poland', 'Pologne'),
(175, 620, 'PT', 'PRT', 'Portugal', 'Portugal'),
(176, 624, 'GW', 'GNB', 'Guinea-Bissau', 'Guinée-Bissau'),
(177, 626, 'TL', 'TLS', 'Timor-Leste', 'Timor-Leste'),
(178, 630, 'PR', 'PRI', 'Puerto Rico', 'Porto Rico'),
(179, 634, 'QA', 'QAT', 'Qatar', 'Qatar'),
(180, 638, 'RE', 'REU', 'Réunion', 'Réunion'),
(181, 642, 'RO', 'ROU', 'Romania', 'Roumanie'),
(182, 643, 'RU', 'RUS', 'Russian Federation', 'Fédération de Russie'),
(183, 646, 'RW', 'RWA', 'Rwanda', 'Rwanda'),
(184, 654, 'SH', 'SHN', 'Saint Helena', 'Sainte-Hélène'),
(185, 659, 'KN', 'KNA', 'Saint Kitts and Nevis', 'Saint-Kitts-et-Nevis'),
(186, 660, 'AI', 'AIA', 'Anguilla', 'Anguilla'),
(187, 662, 'LC', 'LCA', 'Saint Lucia', 'Sainte-Lucie'),
(188, 666, 'PM', 'SPM', 'Saint-Pierre and Miquelon', 'Saint-Pierre-et-Miquelon'),
(189, 670, 'VC', 'VCT', 'Saint Vincent and the Grenadines', 'Saint-Vincent-et-les Grenadines'),
(190, 674, 'SM', 'SMR', 'San Marino', 'Saint-Marin'),
(191, 678, 'ST', 'STP', 'Sao Tome and Principe', 'Sao Tomé-et-Principe'),
(192, 682, 'SA', 'SAU', 'Saudi Arabia', 'Arabie Saoudite'),
(193, 686, 'SN', 'SEN', 'Senegal', 'Sénégal'),
(194, 690, 'SC', 'SYC', 'Seychelles', 'Seychelles'),
(195, 694, 'SL', 'SLE', 'Sierra Leone', 'Sierra Leone'),
(196, 702, 'SG', 'SGP', 'Singapore', 'Singapour'),
(197, 703, 'SK', 'SVK', 'Slovakia', 'Slovaquie'),
(198, 704, 'VN', 'VNM', 'Vietnam', 'Viet Nam'),
(199, 705, 'SI', 'SVN', 'Slovenia', 'Slovénie'),
(200, 706, 'SO', 'SOM', 'Somalia', 'Somalie'),
(201, 710, 'ZA', 'ZAF', 'South Africa', 'Afrique du Sud'),
(202, 716, 'ZW', 'ZWE', 'Zimbabwe', 'Zimbabwe'),
(203, 724, 'ES', 'ESP', 'Spain', 'Espagne'),
(204, 732, 'EH', 'ESH', 'Western Sahara', 'Sahara Occidental'),
(205, 736, 'SD', 'SDN', 'Sudan', 'Soudan'),
(206, 740, 'SR', 'SUR', 'Suriname', 'Suriname'),
(207, 744, 'SJ', 'SJM', 'Svalbard and Jan Mayen', 'Svalbard etÎle Jan Mayen'),
(208, 748, 'SZ', 'SWZ', 'Swaziland', 'Swaziland'),
(209, 752, 'SE', 'SWE', 'Sweden', 'Suède'),
(210, 756, 'CH', 'CHE', 'Switzerland', 'Suisse'),
(211, 760, 'SY', 'SYR', 'Syrian Arab Republic', 'République Arabe Syrienne'),
(212, 762, 'TJ', 'TJK', 'Tajikistan', 'Tadjikistan'),
(213, 764, 'TH', 'THA', 'Thailand', 'Thaïlande'),
(214, 768, 'TG', 'TGO', 'Togo', 'Togo'),
(215, 772, 'TK', 'TKL', 'Tokelau', 'Tokelau'),
(216, 776, 'TO', 'TON', 'Tonga', 'Tonga'),
(217, 780, 'TT', 'TTO', 'Trinidad and Tobago', 'Trinité-et-Tobago'),
(218, 784, 'AE', 'ARE', 'United Arab Emirates', 'Émirats Arabes Unis'),
(219, 788, 'TN', 'TUN', 'Tunisia', 'Tunisie'),
(220, 792, 'TR', 'TUR', 'Turkey', 'Turquie'),
(221, 795, 'TM', 'TKM', 'Turkmenistan', 'Turkménistan'),
(222, 796, 'TC', 'TCA', 'Turks and Caicos Islands', 'Îles Turks et Caïques'),
(223, 798, 'TV', 'TUV', 'Tuvalu', 'Tuvalu'),
(224, 800, 'UG', 'UGA', 'Uganda', 'Ouganda'),
(225, 804, 'UA', 'UKR', 'Ukraine', 'Ukraine'),
(226, 807, 'MK', 'MKD', 'The Former Yugoslav Republic of Macedonia', 'L\'ex-République Yougoslave de Macédoine'),
(227, 818, 'EG', 'EGY', 'Egypt', 'Égypte'),
(228, 826, 'GB', 'GBR', 'United Kingdom', 'Royaume-Uni'),
(229, 833, 'IM', 'IMN', 'Isle of Man', 'Île de Man'),
(230, 834, 'TZ', 'TZA', 'United Republic Of Tanzania', 'République-Unie de Tanzanie'),
(231, 840, 'US', 'USA', 'United States', 'États-Unis'),
(232, 850, 'VI', 'VIR', 'U.S. Virgin Islands', 'Îles Vierges des États-Unis'),
(233, 854, 'BF', 'BFA', 'Burkina Faso', 'Burkina Faso'),
(234, 858, 'UY', 'URY', 'Uruguay', 'Uruguay'),
(235, 860, 'UZ', 'UZB', 'Uzbekistan', 'Ouzbékistan'),
(236, 862, 'VE', 'VEN', 'Venezuela', 'Venezuela'),
(237, 876, 'WF', 'WLF', 'Wallis and Futuna', 'Wallis et Futuna'),
(238, 882, 'WS', 'WSM', 'Samoa', 'Samoa'),
(239, 887, 'YE', 'YEM', 'Yemen', 'Yémen'),
(240, 891, 'CS', 'SCG', 'Serbia and Montenegro', 'Serbie-et-Monténégro'),
(241, 894, 'ZM', 'ZMB', 'Zambia', 'Zambie');

-- --------------------------------------------------------

--
-- Structure de la table `produit`
--

CREATE TABLE `produit` (
  `ID` int(11) NOT NULL,
  `NOM` varchar(255) DEFAULT NULL,
  `PRIX_VENTE` int(11) NOT NULL,
  `PRIX_ACHAT` int(11) NOT NULL,
  `ID_VENDEUR` int(11) NOT NULL,
  `ID_CLIENT` int(11) NOT NULL
) ENGINE=InnoDB DEFAULT CHARSET=utf8mb4;

-- --------------------------------------------------------

--
-- Structure de la table `sheet1`
--

CREATE TABLE `sheet1` (
  `nom` varchar(10) DEFAULT NULL,
  `Genre` varchar(10) DEFAULT NULL
) ENGINE=InnoDB DEFAULT CHARSET=utf8mb4;

--
-- Déchargement des données de la table `sheet1`
--

INSERT INTO `sheet1` (`nom`, `Genre`) VALUES
('AALIYAH', 'F'),
('AAPELI', 'M'),
('AAPO', 'M'),
('AAREN', 'M,F'),
('AARNE', 'M'),
('AARON', 'M'),
('AATAMI', 'M'),
('AATTO', 'M'),
('AATU', 'M'),
('ABADDON', 'M'),
('ABBAN', 'M'),
('ABBEY', 'F'),
('ABBIE', 'F'),
('ABBY', 'F'),
('ABD-AL-AZI', 'M'),
('ABD-ALLAH', 'M'),
('ABD-AL-MAL', 'M'),
('ABD-AL-QAD', 'M'),
('ABD-AL-RAH', 'M'),
('ABDEHAMID', 'M'),
('ABDELHADI', 'M'),
('ABDELHAFID', 'M'),
('ABDELHAK', 'M'),
('ABDELHAMID', 'M'),
('ABDELILAH', 'M'),
('ABDALLAH', 'M'),
('ABDELOUAHE', 'M'),
('ABDEL KADE', 'M'),
('ABDELKADER', 'M'),
('ABDELKRIM', 'M'),
('ABDELLAH', 'M'),
('ABDELMALIK', 'M'),
('ABDESLAM', 'M'),
('ABDERRAHMA', 'M'),
('ABDOURAHMA', 'M'),
('ABDUL', 'M'),
('ABDUL-AZIZ', 'M'),
('ABDULLAH', 'M'),
('ABDUL-RAHM', 'M'),
('ABE', 'M'),
('ABEDNEGO', 'M'),
('ABEGAIL', 'F'),
('ABEL', 'M'),
('ABELONE', 'F'),
('ABENA', 'F'),
('ABENI', 'F'),
('ABHAY', 'M'),
('ABIAH', 'M,F'),
('ABIDAN', 'M'),
('ABIDEMI', 'M'),
('ABIEL', 'M'),
('ABIGAIL', 'F'),
('ABIGAYLE', 'F'),
('ABIHU', 'M'),
('ABIJAH', 'M,F'),
('ABILENE', 'F'),
('ABILIO', 'M'),
('ABIMAEL', 'M'),
('ABIRAM', 'M'),
('ABISAI', 'M'),
('ABISHAG', 'F'),
('ABISHAI', 'M'),
('ABITAL', 'F'),
('ABNER', 'M'),
('ABRAHAM', 'M'),
('ABRAM', 'M'),
('ABSALOM', 'M'),
('ABSOLON', 'M'),
('ACACIA', 'F'),
('ACACIUS', 'M'),
('ACANTHA', 'F'),
('ACE', 'M'),
('ACHAICUS', 'M'),
('ACHAN', 'M'),
('ACHIENG', 'F'),
('ACHILLE', 'M'),
('ACHILLES', 'M'),
('ACHIM', 'M'),
('ACKE', 'M'),
('ADA', 'F'),
('ADAH', 'F'),
('ADAIR', 'M'),
('ADALBERT', 'M'),
('ADALBERTO', 'M'),
('ADALHEID', 'F'),
('ADALIA', 'M'),
('ADAM', 'M'),
('ADAMINA', 'F'),
('ADAMO', 'M'),
('ADAN', 'M'),
('ADAO', 'M'),
('ADARA', 'F'),
('ADDIE', 'F'),
('ADDISON', 'M,F'),
('ADDY', 'F'),
('ADEL', 'M'),
('ADELA', 'F'),
('ADELAIDE', 'F'),
('ADELE', 'F'),
('ADELHEID', 'F'),
('ADELIA', 'F'),
('ADELINA', 'F'),
('ADELINE', 'F'),
('ADELLE', 'F'),
('ADELMAR', 'M'),
('ADEM', 'M'),
('ADEN', 'M'),
('ADENA', 'F'),
('ADESIMA', 'M'),
('ADHARA', 'F'),
('ADHIAMBO', 'F'),
('ADI', 'F'),
('ADIL', 'M'),
('ADILSON', 'M'),
('ADINA', 'F,M'),
('ADINO', 'M'),
('ADISA', 'M'),
('ADITYA', 'M'),
('ADJEVI', 'M'),
('ADJOA', 'F'),
('ADLAI', 'M'),
('ADOLF', 'M'),
('ADOLFO', 'M'),
('ADOLPH', 'M'),
('ADOLPHE', 'M'),
('ADOLPHUS', 'M'),
('ADONAI', 'M'),
('ADONIA', 'F'),
('ADONIJAH', 'M'),
('ADONIS', 'M'),
('ADORA', 'F'),
('ADORINDA', 'F'),
('ADORJAN', 'M'),
('ADRASTEIA', 'F'),
('ADRASTOS', 'M'),
('ADRIA', 'F'),
('ADRIAAN', 'M'),
('ADRIAN', 'M'),
('ADRIANA', 'F'),
('ADRIANNA', 'F'),
('ADRIANNE', 'F'),
('ADRIANO', 'M'),
('ADRIEN', 'M'),
('ADRIENN', 'F'),
('ADRIENNE', 'F'),
('ADWOA', 'F'),
('AEGLE', 'F'),
('AELFWINE', 'M'),
('AELLA', 'F'),
('AELRED', 'M'),
('AEMILIA', 'F'),
('AENEAS', 'M'),
('AENGUS', 'M'),
('AEOLUS', 'M'),
('AERON', 'M,F'),
('AERONWEN', 'F'),
('AERONWY', 'F'),
('AESC', 'M'),
('AESCHYLUS', 'M'),
('AESON', 'M'),
('AESOP', 'M'),
('AFANASI', 'M'),
('AFANASY', 'M'),
('AFANEN', 'F'),
('AFIA', 'F'),
('AFOLABI', 'M'),
('AFON', 'F,M'),
('AFONSO', 'M'),
('AFRA', 'F'),
('AFRICA', 'F'),
('AFUA', 'F'),
('AGAFYA', 'F'),
('AGAMEMNON', 'M'),
('AGAPE', 'F'),
('AGAPIOS', 'M'),
('AGATA', 'F'),
('AGATHA', 'F'),
('AGATHANGEL', 'F'),
('AGATHE', 'F'),
('AGATHON', 'M'),
('AGAUE', 'F'),
('AGGIE', 'F'),
('AGHAVNI', 'F'),
('AGI', 'F'),
('AGLAIA', 'F'),
('AGLAYA', 'F'),
('AGLEA', 'F'),
('AGNES', 'F'),
('AGNESE', 'F'),
('AGNESSA', 'F'),
('AGNETA', 'F'),
('AGNETHE', 'F'),
('AGNIESZKA', 'F'),
('AGOSTINA', 'F'),
('AGOSTINHO', 'M'),
('AGOSTINO', 'M'),
('AGOSTON', 'M'),
('AGOTA', 'F'),
('AGRAFENA', 'F'),
('AGRIPPA', 'M'),
('AGRIPPINA', 'F'),
('AGRONA', 'F'),
('AGUEDA', 'F'),
('AGUSTIN', 'M'),
('AH', 'M,F'),
('AHAB', 'M'),
('AHARON', 'M'),
('AHMAD', 'M'),
('AHMED', 'M'),
('AHMET', 'M'),
('AHRIMAN', 'M'),
('AHTAHKAKOO', 'M'),
('AHURA MAZD', 'M'),
('AHUVA', 'F'),
('AI', 'F'),
('AIAS', 'M'),
('AICHA', 'F'),
('AIDA', 'F'),
('AIDAN', 'M,F'),
('AIDEN', 'M'),
('AIGNEIS', 'F'),
('AIKATERINE', 'F'),
('AILBHE', 'M,F'),
('AILEAS', 'F'),
('AILEEN', 'F'),
('AILILL', 'M'),
('AILIN', 'M'),
('AILIS', 'F'),
('AILPEIN', 'M'),
('AILSA', 'F'),
('AIMABLE', 'M'),
('AIME', 'M'),
('AIMEE', 'F'),
('AIMO', 'M'),
('AINA', 'F'),
('AINDREA', 'M'),
('AINDREAS', 'M'),
('AINDRIU', 'M'),
('AINE', 'F'),
('AINGEAL', 'F'),
('AINO', 'F'),
('AINSLEY', 'M,F'),
('AINSLIE', 'M,F'),
('AINTZANE', 'F'),
('AIOLOS', 'M'),
('AISHA', 'F'),
('AISLIN', 'F'),
('AISLING', 'F'),
('AISLINN', 'F'),
('AISSA', 'M'),
('AITHNE', 'F'),
('AITOR', 'M'),
('AJAX', 'M'),
('AJEET', 'M'),
('AJIT', 'M'),
('AJITH', 'M'),
('AKAKIOS', 'M'),
('AKAMU', 'M'),
('AKANKSHA', 'F'),
('AKEEM', 'M'),
('AKEMI', 'F'),
('AKHIL', 'M'),
('AKI', 'M,F'),
('AKIKO', 'F'),
('AKILAH', 'F'),
('AKILINA', 'F'),
('AKIM', 'M'),
('AKINYI', 'F'),
('AKIO', 'M'),
('AKIRA', 'M'),
('AKIVA', 'M'),
('AKONI', 'M'),
('AKOSUA', 'F'),
('AKSEL', 'M'),
('AKSINYA', 'F'),
('AKU', 'M'),
('AKUA', 'F'),
('AKULINA', 'F'),
('AL', 'M'),
('ALABA', 'F'),
('ALAIN', 'M'),
('ALAINA', 'F'),
('ALAN', 'M'),
('ALANA', 'F'),
('ALANIS', 'F'),
('ALANN', 'M'),
('ALANNA', 'F'),
('ALANNAH', 'F'),
('ALANNIS', 'F'),
('ALAOIS', 'M'),
('ALARIC', 'M'),
('ALASDAIR', 'M'),
('ALASTAIR', 'M'),
('ALASTAR', 'M'),
('ALASTRIONA', 'F'),
('ALAYNA', 'F'),
('ALBA', 'F'),
('ALBAN', 'M'),
('ALBANE', 'F'),
('ALBERIC', 'M'),
('ALBERIQUE', 'M'),
('ALBERT', 'M'),
('ALBERTE', 'F'),
('ALBERTA', 'F'),
('ALBERTINA', 'F'),
('ALBERTINE', 'F'),
('ALBERTO', 'M'),
('ALBINA', 'F'),
('ALBINO', 'M'),
('ALBRECHT', 'M'),
('ALBY', 'M'),
('ALCAEUS', 'M'),
('ALCIME', 'M'),
('ALCIPPE', 'F'),
('ALCYONE', 'F'),
('ALDEN', 'M'),
('ALDO', 'M'),
('ALDOUS', 'M'),
('ALDRICK', 'M'),
('ALEA', 'F'),
('ALEASE', 'F'),
('ALEC', 'M'),
('ALECHJO', 'M'),
('ALED', 'M'),
('ALEESHA', 'F'),
('ALEIT', 'F'),
('ALEJANDRA', 'F'),
('ALEJANDRO', 'M'),
('ALEJO', 'M'),
('ALEKSANDAR', 'M'),
('ALEKSANDER', 'M'),
('ALEKSANDR', 'M'),
('ALEKSANDRA', 'F'),
('ALEKSANDRI', 'F'),
('ALEKSANDRO', 'M'),
('ALEKSANTER', 'M'),
('ALEKSEI', 'M'),
('ALEKSI', 'M'),
('ALENE', 'F'),
('ALENKA', 'F'),
('ALES', 'M'),
('ALESHA', 'F'),
('ALESSA', 'F'),
('ALESSANDRA', 'F'),
('ALESSANDRO', 'M'),
('ALESSIA', 'F'),
('ALESSIO', 'M'),
('ALETA', 'F'),
('ALETHA', 'F'),
('ALETHEA', 'F'),
('ALEX', 'M,F'),
('ALEXA', 'F'),
('ALEXANDER', 'M'),
('ALEXANDR', 'M'),
('ALEXANDRA', 'F'),
('ALEXANDRE', 'M'),
('ALEXANDREA', 'F'),
('ALEXANDRIA', 'F'),
('ALEXANDRIE', 'F'),
('ALEXANDRIN', 'F'),
('ALEXANDROS', 'M'),
('ALEXANDRU', 'M'),
('ALEXEI', 'M'),
('ALEXEJ', 'M'),
('ALEXIA', 'F'),
('ALEXINA', 'F'),
('ALEXIS', 'M'),
('ALEXIUS', 'M'),
('ALEXUS', 'F'),
('ALF', 'M'),
('ALFEO', 'M'),
('ALFHILD', 'F'),
('ALFONS', 'M'),
('ALFONSINA', 'F'),
('ALFONSO', 'M'),
('ALFRED', 'M'),
('ALFREDA', 'F'),
('ALFREDINE', 'F'),
('ALFREDO', 'M'),
('ALFSIGR', 'F'),
('ALGAR', 'M'),
('ALGER', 'M'),
('ALGERNON', 'M'),
('ALI', 'M'),
('ALI HAYDAR', 'M'),
('ALIA', 'F'),
('ALIAH', 'F'),
('ALICE', 'F'),
('ALICIA', 'F'),
('ALIDA', 'F'),
('ALIISA', 'F'),
('ALIN', 'M'),
('ALINA', 'F'),
('ALINE', 'F'),
('ALIS', 'F'),
('ALISA', 'F'),
('ALISHA', 'F'),
('ALISIA', 'F'),
('ALISON', 'F,M'),
('ALISSA', 'F'),
('ALISTAIR', 'M'),
('ALISTER', 'M'),
('ALISYA', 'F'),
('ALIX', 'M,F'),
('ALIYAH', 'F'),
('ALIZ', 'F'),
('ALIZA', 'F'),
('ALLAIN', 'M'),
('ALLAN', 'M'),
('ALLANNAH', 'F'),
('ALLEGRA', 'F'),
('ALLEGRIA', 'F'),
('ALLEN', 'M'),
('ALLIE', 'F'),
('ALLISON', 'F'),
('ALLON', 'M'),
('ALLY', 'F'),
('ALLYCIA', 'F'),
('ALLYN', 'M'),
('ALLYSON', 'F'),
('ALMA', 'F'),
('ALMAS', 'F'),
('ALMIRA', 'F'),
('ALMUDENA', 'F'),
('ALODIA', 'F'),
('ALOIS', 'M'),
('ALOISIA', 'F'),
('ALOISIO', 'M'),
('ALOJZ', 'M'),
('ALON', 'M'),
('ALONDRA', 'F'),
('ALONSO', 'M'),
('ALONZO', 'M'),
('ALOYS', 'M'),
('ALOYSIUS', 'M'),
('ALP', 'M'),
('ALPERTTI', 'M'),
('ALPHA', 'M,F'),
('ALPHAEUS', 'M'),
('ALPHONSE', 'M'),
('ALPHONSINE', 'F'),
('ALPHONSO', 'M'),
('ALPHONSUS', 'M'),
('ALPHONZO', 'M'),
('ALPIN', 'M'),
('ALTA', 'F'),
('ALTAN', 'M'),
('ALTE', 'F'),
('ALTER', 'M'),
('ALTHEA', 'F'),
('ALTON', 'M'),
('ALUDRA', 'F'),
('ALUN', 'M'),
('ALVA', 'M'),
('ALVAH', 'M'),
('ALVAR', 'M'),
('ALVARO', 'M'),
('ALVENA', 'F'),
('ALVILDA', 'F'),
('ALVIN', 'M'),
('ALVINA', 'F'),
('ALVIS', 'M'),
('ALWILDA', 'F'),
('ALWYN', 'M'),
('ALYA', 'F'),
('ALYCE', 'F'),
('ALYONA', 'F'),
('ALYS', 'F'),
('ALYSHA', 'F'),
('ALYSON', 'F'),
('ALYSSA', 'F'),
('ALYSSIA', 'F'),
('ALYUSHA', 'M'),
('ALYX', 'F'),
('ALZBETA', 'F'),
('AMA', 'F'),
('AMABEL', 'F'),
('AMADA', 'F'),
('AMADEO', 'M'),
('AMADEUS', 'M'),
('AMADI', 'F,M'),
('AMAL', 'M'),
('AMALA', 'F'),
('AMALIA', 'F'),
('AMALRIC', 'M'),
('AMALTHEA', 'F'),
('AMAND', 'M'),
('AMANDA', 'F'),
('AMANDE', 'F'),
('AMANDINE', 'F'),
('AMANDO', 'M'),
('AMANI', 'F'),
('AMAR', 'M'),
('AMARA', 'F'),
('AMARANTA', 'F'),
('AMARANTE', 'F'),
('AMARDAD', 'M'),
('AMARIAH', 'M'),
('AMARYLLIS', 'F'),
('AMATERASU', 'F'),
('AMATO', 'M'),
('AMAURY', 'M'),
('AMAYA', 'F'),
('AMBER', 'F'),
('AMBRA', 'F'),
('AMBRE', 'F'),
('AMBROGINO', 'M'),
('AMBROGIO', 'M'),
('AMBROISE', 'M'),
('AMBROSE', 'M'),
('AMBROSIA', 'F'),
('AMBROSINE', 'F'),
('AMBROSIO', 'M'),
('AMBRUS', 'M'),
('AMEDEA', 'F'),
('AMEDEE', 'M'),
('AMEDEO', 'M'),
('AMEDEUS', 'M'),
('AMELIA', 'F'),
('AMELIE', 'F'),
('AMEN', 'M'),
('AMENHOTEP', 'M'),
('AMERICA', 'F'),
('AMERICO', 'M'),
('AMERIGO', 'M'),
('AMETHYST', 'F'),
('AMEUR', 'M'),
('AMHLAIDH', 'M'),
('AMHLAOIBH', 'M'),
('AMI', 'F'),
('AMIAS', 'M'),
('AMICE', 'F'),
('AMIE', 'F'),
('AMIKA', 'F'),
('AMILCAR', 'M'),
('AMILIA', 'F'),
('AMIN', 'M'),
('AMINA', 'F'),
('AMINDA', 'F'),
('AMINE', 'M'),
('AMINTA', 'F'),
('AMIR', 'M'),
('AMIRA', 'F'),
('AMITA', 'F'),
('AMITTAI', 'M'),
('AMITY', 'F'),
('AMMAR', 'M'),
('AMMIEL', 'M'),
('AMMON', 'M'),
('AMON', 'M'),
('AMOR', 'M'),
('AMOS', 'M'),
('AMPARO', 'F'),
('AMRIT', 'M,F'),
('AMRITA', 'F'),
('AMY', 'F'),
('AMYAS', 'M'),
('AMYNTA', 'F'),
('AN', 'M,F'),
('ANA', 'F'),
('ANA MARIA', 'F'),
('ANA PAULA', 'F'),
('ANACLETO', 'M'),
('ANACLETUS', 'M'),
('ANAHID', 'F'),
('ANAHITA', 'F'),
('ANAIS', 'F'),
('ANAITIS', 'F'),
('ANAKIN', 'M'),
('ANAKONI', 'M'),
('ANAN', 'M'),
('ANAND', 'M'),
('ANANDA', 'F'),
('ANANI', 'M'),
('ANANIAS', 'M'),
('ANANTA', 'M'),
('ANANTH', 'M'),
('ANANTHA', 'M'),
('ANARGYROS', 'M'),
('ANARU', 'M'),
('ANAS', 'M'),
('ANASS', 'M'),
('ANASTACIA', 'F'),
('ANASTAS', 'M'),
('ANASTASIA', 'F'),
('ANASTASIE', 'F'),
('ANASTASIO', 'M'),
('ANASTASIOS', 'M'),
('ANASTASIUS', 'M'),
('ANASZTAZ', 'M'),
('ANASZTAZIA', 'F'),
('ANAT', 'F'),
('ANATH', 'F'),
('ANATOLE', 'M'),
('ANATOLI', 'M'),
('ANATOLIUS', 'M'),
('ANATOLY', 'M'),
('ANATU', 'F'),
('ANAXAGORAS', 'M'),
('ANCA', 'F'),
('ANCHJO', 'M'),
('ANDELA', 'F'),
('ANDER', 'M'),
('ANDERS', 'M'),
('ANDERSON', 'M'),
('ANDOR', 'M'),
('ANDRA', 'F'),
('ANDRAS', 'M'),
('ANDRASTE', 'F'),
('ANDRE', 'M'),
('ANDRE MICH', 'M'),
('ANDREA', 'M,F'),
('ANDREAS', 'M'),
('ANDREE', 'F'),
('ANDREEA', 'F'),
('ANDREI', 'M'),
('ANDREIA', 'F'),
('ANDREJ', 'M'),
('ANDREJA', 'F'),
('ANDRES', 'M'),
('ANDREU', 'M'),
('ANDREW', 'M'),
('ANDRIANA', 'F'),
('ANDRIES', 'M'),
('ANDRIJA', 'M'),
('ANDRINA', 'F'),
('ANDRIS', 'M'),
('ANDRIY', 'M'),
('ANDRO', 'M'),
('ANDROCLES', 'M'),
('ANDROMACHE', 'F'),
('ANDROMEDA', 'F'),
('ANDRONIKOS', 'M'),
('ANDRZEJ', 'M'),
('ANDY', 'M'),
('ANE', 'F'),
('ANEIRIN', 'M'),
('ANELIE', 'F'),
('ANEMONE', 'F'),
('ANEURIN', 'M'),
('ANFISA', 'F'),
('ANGE', 'F'),
('ANGEL', 'M,F'),
('ANGELA', 'F'),
('ANGELE', 'F'),
('ANGELIA', 'F'),
('ANGELICA', 'F'),
('ANGELIKA', 'F'),
('ANGELINA', 'F'),
('ANGELINE', 'F'),
('ANGELIQUE', 'F'),
('ANGELITA', 'F'),
('ANGELLE', 'F'),
('ANGELO', 'M'),
('ANGELOS', 'M'),
('ANGERONA', 'F'),
('ANGHARAD', 'F'),
('ANGIE', 'F'),
('ANGUERAN', 'M'),
('ANGUS', 'M'),
('ANGYALKA', 'F'),
('ANIA', 'F'),
('ANIBAL', 'M'),
('ANICA', 'F'),
('ANICETUS', 'M'),
('ANIELA', 'F'),
('ANIKA', 'F'),
('ANIKETOS', 'M'),
('ANIKO', 'F'),
('ANIMA', 'F'),
('ANIRUDDHA', 'M'),
('ANISA', 'F'),
('ANISE', 'F'),
('ANISIM', 'M'),
('ANISSA', 'F'),
('ANITA', 'F'),
('ANIZE', 'F'),
('ANJA', 'F'),
('ANJALI', 'F'),
('ANJELICA', 'F'),
('ANKA', 'F'),
('ANKE', 'F'),
('ANKUR', 'M'),
('ANN', 'F'),
('ANNA', 'F'),
('ANNABEL', 'F'),
('ANNABELLA', 'F'),
('ANNABELLE', 'F'),
('ANNALISA', 'F'),
('ANNAS', 'M'),
('ANNE', 'F'),
('ANNE CHANT', 'F'),
('ANNE CHARL', 'F'),
('ANNE CLAUD', 'F'),
('ANNE LISE', 'F'),
('ANNE MARIE', 'F'),
('ANNE SOPHI', 'F'),
('ANNEKA', 'F'),
('ANNEKE', 'F'),
('ANNELI', 'F'),
('ANNELIE', 'F'),
('ANNELIESE', 'F'),
('ANNELISE', 'F'),
('ANNEMARIE', 'F'),
('ANNETTA', 'F'),
('ANNETTE', 'F'),
('ANNICE', 'F'),
('ANNICK', 'F'),
('ANNIE', 'F'),
('ANNIE CLAI', 'F'),
('ANNIE CLAU', 'F'),
('ANNIINA', 'F'),
('ANNIKA', 'F'),
('ANNIKKI', 'F'),
('ANNIS', 'F'),
('ANNITA', 'F'),
('ANNMARIE', 'F'),
('ANNUNCIATA', 'F'),
('ANNUNZIATA', 'F'),
('ANNUSKA', 'F'),
('ANNY', 'F'),
('ANNYCK', 'F'),
('ANONA', 'F'),
('ANOUCK', 'F'),
('ANOUK', 'F'),
('ANOUSH', 'F'),
('ANOUSKA', 'F'),
('ANRAI', 'M'),
('ANSEL', 'M'),
('ANSELM', 'M'),
('ANSELMA', 'F'),
('ANSELME', 'M'),
('ANSELMO', 'M'),
('ANSGAR', 'M'),
('ANSHEL', 'M'),
('ANSON', 'M'),
('ANTAL', 'M'),
('ANTANAS', 'M'),
('ANTE', 'M'),
('ANTERO', 'M'),
('ANTHEA', 'F'),
('ANTHONY', 'M'),
('ANTIGONE', 'F'),
('ANTIGONUS', 'M'),
('ANTINEA', 'F'),
('ANTIOPE', 'F'),
('ANTIPATER', 'M'),
('ANTJE', 'F'),
('ANTO', 'M'),
('ANTOINE', 'M'),
('ANTOINETTE', 'F'),
('ANTON', 'M'),
('ANTONELLA', 'F'),
('ANTONELLO', 'M'),
('ANTONETTE', 'F'),
('ANTONI', 'M'),
('ANTONIA', 'F'),
('ANTONIE', 'F'),
('ANTONIETTA', 'F'),
('ANTONIJA', 'F'),
('ANTONIN', 'M'),
('ANTONINA', 'F'),
('ANTONINO', 'M'),
('ANTONIO', 'M'),
('ANTONIUS', 'M'),
('ANTONO', 'M'),
('ANTONY', 'M'),
('ANTTI', 'M'),
('ANTUN', 'M'),
('ANTWAN', 'M'),
('ANUBIS', 'M'),
('ANUNCIACIO', 'F'),
('ANUPAM', 'M'),
('ANUSHKA', 'F'),
('ANWAR', 'M'),
('ANWEN', 'F'),
('ANWER', 'M'),
('ANY', 'F'),
('ANYA', 'F'),
('AODH', 'M'),
('AODHAN', 'M'),
('AOIBHEANN', 'F'),
('AOIBHIN', 'F'),
('AOIDE', 'F'),
('AOIFE', 'F'),
('AOMAR', 'M'),
('AONGHAS', 'M'),
('AONGHUS', 'M'),
('APHRA', 'F'),
('APHRODISIA', 'F'),
('APHRODISIO', 'M'),
('APHRODITE', 'F'),
('APIKALIA', 'F'),
('APOLINAR', 'M'),
('APOLLINAIR', 'M'),
('APOLLINARI', 'M'),
('APOLLINARI', 'F'),
('APOLLINE', 'F'),
('APOLLO', 'M'),
('APOLLODORO', 'M'),
('APOLLONIA', 'F'),
('APOLLONIOS', 'M'),
('APOLONIJA', 'F'),
('APOSTOLIS', 'M'),
('APOSTOLOS', 'M'),
('APPHIA', 'F'),
('APPIUS', 'M'),
('APRIL', 'F'),
('AQUILA', 'M'),
('ARABELLA', 'F'),
('ARACELI', 'F'),
('ARACELIS', 'F'),
('ARACELY', 'F'),
('ARACHNE', 'F'),
('ARAGORN', 'M'),
('ARAMINTA', 'F'),
('ARAN', 'F'),
('ARANKA', 'F'),
('ARANRHOD', 'F'),
('ARANTXA', 'F'),
('ARAS', 'M'),
('ARATA', 'M'),
('ARAVINDA', 'M'),
('ARCADIA', 'F'),
('ARCANGELO', 'M'),
('ARCELIA', 'F'),
('ARCHELAUS', 'M'),
('ARCHIBALD', 'M'),
('ARCHIE', 'M'),
('ARCHIMEDES', 'M'),
('ARCHIPPOS', 'M'),
('ARDAL', 'M'),
('ARDASHIR', 'M'),
('ARDEN', 'M'),
('ARDGHAL', 'M'),
('ARDUINO', 'M'),
('ARELI', 'M'),
('ARES', 'M'),
('ARETHA', 'F'),
('ARETHUSA', 'F'),
('AREVIG', 'F'),
('AREZKI', 'M'),
('ARGUS', 'M'),
('ARGYRIS', 'M'),
('ARGYROS', 'M'),
('ARI', 'M'),
('ARIA', 'F'),
('ARIADNE', 'F'),
('ARIANA', 'F'),
('ARIANE', 'F'),
('ARIANNA', 'F'),
('ARIANNE', 'F'),
('ARIANRHOD', 'F'),
('ARIC', 'M'),
('ARIEL', 'M,F'),
('ARIELE', 'F'),
('ARIELLA', 'F'),
('ARIELLE', 'F'),
('ARIENNE', 'F'),
('ARIES', 'M'),
('ARIK', 'M'),
('ARINA', 'F'),
('ARISHA', 'F'),
('ARISTA', 'F'),
('ARISTIDE', 'M'),
('ARISTIDES', 'M'),
('ARISTOCLES', 'M'),
('ARISTODEMO', 'M'),
('ARISTOMACH', 'F'),
('ARISTON', 'M'),
('ARISTOPHAN', 'M'),
('ARISTOTLE', 'M'),
('ARISU', 'F'),
('ARISZTID', 'M'),
('ARJAN', 'M'),
('ARJUN', 'M'),
('ARJUNA', 'M'),
('ARKADI', 'M'),
('ARKADIOS', 'M'),
('ARKADY', 'M'),
('ARKEITA', 'M'),
('ARKELL', 'M'),
('ARLEEN', 'F'),
('ARLEN', 'M'),
('ARLENE', 'F'),
('ARLETTE', 'F'),
('ARLIE', 'F,M'),
('ARLINE', 'F'),
('ARMAND', 'M'),
('ARMANDE', 'F'),
('ARMANDINE', 'F'),
('ARMANDO', 'M'),
('ARMEL', 'M'),
('ARMELLE', 'F'),
('ARMELLE CA', 'F'),
('ARMIN', 'M'),
('ARMO', 'M'),
('ARN', 'M'),
('ARNALDO', 'M'),
('ARNAU', 'M'),
('ARNAUD', 'M'),
('ARNAUDE', 'F'),
('ARNDT', 'M'),
('ARNE', 'M'),
('ARNIE', 'M'),
('ARNO', 'M'),
('ARNOLD', 'M'),
('AROHA', 'F'),
('AROLDO', 'M'),
('ARON', 'M'),
('ARPAD', 'M'),
('ARRIGO', 'M'),
('ARRON', 'M'),
('ARSEN', 'M'),
('ARSENE', 'M'),
('ARSENI', 'M'),
('ARSENIOS', 'M'),
('ART', 'M'),
('ARTAIR', 'M'),
('ARTEMIDORO', 'M'),
('ARTEMIS', 'F'),
('ARTEMISIA', 'F'),
('ARTEMISIOS', 'M'),
('ARTHUR', 'M'),
('ARTOUR', 'M'),
('ARTTU', 'M'),
('ARTTURI', 'M'),
('ARTUR', 'M'),
('ARTURO', 'M'),
('ARUNDHATI', 'F'),
('ARVEL', 'M'),
('ARVID', 'M'),
('ARVO', 'M'),
('ARWEN', 'F'),
('ARYANA', 'F'),
('ARZU', 'F'),
('ASA', 'F'),
('AZIZ', 'M');

-- --------------------------------------------------------

--
-- Structure de la table `vendeur`
--

CREATE TABLE `vendeur` (
  `ID` int(11) NOT NULL,
  `username` varchar(255) NOT NULL,
  `password` varchar(255) NOT NULL,
  `email` varchar(255) NOT NULL,
  `verify_status` char(255) DEFAULT NULL
) ENGINE=InnoDB DEFAULT CHARSET=utf8mb4;

--
-- Déchargement des données de la table `vendeur`
--

INSERT INTO `vendeur` (`ID`, `username`, `password`, `email`, `verify_status`) VALUES
(1, 'admin', 'admin', 'admin', NULL),
(2, 'admin2', 'admin', 'admin2@gmail.com', NULL),
(3, 'yan', 'yan123', 'esayanis4@gmail.com', '2ab6bdf8ee7cb8bce46607612f830ef9');

--
-- Index pour les tables déchargées
--

--
-- Index pour la table `client`
--
ALTER TABLE `client`
  ADD PRIMARY KEY (`ID`);

--
-- Index pour la table `client_vendeur`
--
ALTER TABLE `client_vendeur`
  ADD KEY `ID_CLIENT` (`ID_CLIENT`),
  ADD KEY `ID_VENDEUR` (`ID_VENDEUR`);

--
-- Index pour la table `jours`
--
ALTER TABLE `jours`
  ADD PRIMARY KEY (`id`);

--
-- Index pour la table `jours_client`
--
ALTER TABLE `jours_client`
  ADD KEY `id_client` (`id_client`),
  ADD KEY `id_jours` (`id_jours`);

--
-- Index pour la table `jours_vendeur`
--
ALTER TABLE `jours_vendeur`
  ADD KEY `id_jours` (`id_jours`),
  ADD KEY `id_vendeur` (`id_vendeur`);

--
-- Index pour la table `pays`
--
ALTER TABLE `pays`
  ADD PRIMARY KEY (`id`),
  ADD UNIQUE KEY `alpha2` (`alpha2`),
  ADD UNIQUE KEY `alpha3` (`alpha3`),
  ADD UNIQUE KEY `code_unique` (`code`);

--
-- Index pour la table `produit`
--
ALTER TABLE `produit`
  ADD PRIMARY KEY (`ID`),
  ADD KEY `ID_VENDEUR` (`ID_VENDEUR`),
  ADD KEY `ID_CLIENT` (`ID_CLIENT`);

--
-- Index pour la table `vendeur`
--
ALTER TABLE `vendeur`
  ADD PRIMARY KEY (`ID`),
  ADD UNIQUE KEY `username` (`username`),
  ADD UNIQUE KEY `email` (`email`);

--
-- AUTO_INCREMENT pour les tables déchargées
--

--
-- AUTO_INCREMENT pour la table `client`
--
ALTER TABLE `client`
  MODIFY `ID` int(11) NOT NULL AUTO_INCREMENT, AUTO_INCREMENT=31;

--
-- AUTO_INCREMENT pour la table `jours`
--
ALTER TABLE `jours`
  MODIFY `id` int(11) NOT NULL AUTO_INCREMENT, AUTO_INCREMENT=5;

--
-- AUTO_INCREMENT pour la table `pays`
--
ALTER TABLE `pays`
  MODIFY `id` smallint(5) UNSIGNED NOT NULL AUTO_INCREMENT, AUTO_INCREMENT=242;

--
-- AUTO_INCREMENT pour la table `produit`
--
ALTER TABLE `produit`
  MODIFY `ID` int(11) NOT NULL AUTO_INCREMENT;

--
-- AUTO_INCREMENT pour la table `vendeur`
--
ALTER TABLE `vendeur`
  MODIFY `ID` int(11) NOT NULL AUTO_INCREMENT, AUTO_INCREMENT=4;

--
-- Contraintes pour les tables déchargées
--

--
-- Contraintes pour la table `client_vendeur`
--
ALTER TABLE `client_vendeur`
  ADD CONSTRAINT `client_vendeur_ibfk_1` FOREIGN KEY (`ID_CLIENT`) REFERENCES `client` (`ID`),
  ADD CONSTRAINT `client_vendeur_ibfk_2` FOREIGN KEY (`ID_VENDEUR`) REFERENCES `vendeur` (`ID`);

--
-- Contraintes pour la table `jours_client`
--
ALTER TABLE `jours_client`
  ADD CONSTRAINT `jours_client_ibfk_1` FOREIGN KEY (`id_client`) REFERENCES `client` (`ID`),
  ADD CONSTRAINT `jours_client_ibfk_2` FOREIGN KEY (`id_jours`) REFERENCES `jours` (`id`);

--
-- Contraintes pour la table `jours_vendeur`
--
ALTER TABLE `jours_vendeur`
  ADD CONSTRAINT `jours_vendeur_ibfk_1` FOREIGN KEY (`id_jours`) REFERENCES `jours` (`id`),
  ADD CONSTRAINT `jours_vendeur_ibfk_2` FOREIGN KEY (`id_vendeur`) REFERENCES `vendeur` (`ID`);

--
-- Contraintes pour la table `produit`
--
ALTER TABLE `produit`
  ADD CONSTRAINT `produit_ibfk_1` FOREIGN KEY (`ID_VENDEUR`) REFERENCES `vendeur` (`ID`),
  ADD CONSTRAINT `produit_ibfk_2` FOREIGN KEY (`ID_CLIENT`) REFERENCES `client` (`ID`);
COMMIT;

/*!40101 SET CHARACTER_SET_CLIENT=@OLD_CHARACTER_SET_CLIENT */;
/*!40101 SET CHARACTER_SET_RESULTS=@OLD_CHARACTER_SET_RESULTS */;
/*!40101 SET COLLATION_CONNECTION=@OLD_COLLATION_CONNECTION */;
